{"SLR": 0.9708991391697179, "Decision_Tree": 0.6330470859791902, "RandomForest": 0.811263456521616, "GradientBoosting": 0.9140596337091833, "XGBRegressor": 0.7744772346014334}