{"Decision_Tree": 0.8863636363636364, "RandomForest": 0.8818181818181818, "GradientBoosting": 0.8818181818181818, "XGBClassifier": 0.8909090909090909}