{"SLR": {"MAE": 0.03394338938622444, "varaince_explained": 0.9708991391697179, "MSe": 437730359.70827484}, "Decision_Tree": {"MAE": 0.11325611676002617, "varaince_explained": 0.6330470859791902, "MSe": 5519645346.132929}, "RandomForest": {"MAE": 0.08768243242953065, "varaince_explained": 0.811263456521616, "MSe": 2838944028.106558}, "GradientBoosting": {"MAE": 0.058704776936511216, "varaince_explained": 0.9140596337091833, "MSe": 1292700847.2132328}, "XGBRegressor": {"MAE": 0.09564050926888246, "varaince_explained": 0.7744772346014334, "MSe": 3392276324.6094127}}